Category,URL
spam,https://cf-ipfs.com/ipfs/QmeorkmRn4QicEJbqs9bU6G1tiUMzxRphFdT99LZDQKk8...added on Jun 17th 2023 4:10 AM
spam,https://infura-ipfs.io/ipfs/QmXrnUdYYy2GPpWEQDnprSocTc7mTDbhA7Ff2DbBto...added on Jun 17th 2023 4:09 AM
spam,https://nftstorage.link/ipfs/QmXrnUdYYy2GPpWEQDnprSocTc7mTDbhA7Ff2DbBt...added on Jun 17th 2023 4:09 AM
spam,https://cf-ipfs.com/ipfs/QmXrnUdYYy2GPpWEQDnprSocTc7mTDbhA7Ff2DbBtoou2...added on Jun 17th 2023 4:09 AM
spam,https://ipfs.io/ipfs/QmXrnUdYYy2GPpWEQDnprSocTc7mTDbhA7Ff2DbBtoou2G/in...added on Jun 17th 2023 4:09 AM
spam,https://ipfs.eth.aragon.network/ipfs/bafybeienofr3qo2auv6kwgun7y3vjbwy...added on Jun 17th 2023 4:09 AM
spam,https://bafybeienofr3qo2auv6kwgun7y3vjbwyymftbd32fpr6wtuna64jmriybe.ip...added on Jun 17th 2023 4:08 AM
spam,https://bafybeienofr3qo2auv6kwgun7y3vjbwyymftbd32fpr6wtuna64jmriybe.ip...added on Jun 17th 2023 4:08 AM
spam,https://infura-ipfs.io/ipfs/QmZVWX1dt8FhJBNqWDyYRS2fsuyP1ouwSW7E1GNaMW...added on Jun 17th 2023 4:08 AM
spam,https://cloudflare-ipfs.com/ipfs/bafybeienofr3qo2auv6kwgun7y3vjbwyymft...added on Jun 17th 2023 4:08 AM
spam,https://bafybeienofr3qo2auv6kwgun7y3vjbwyymftbd32fpr6wtuna64jmriybe.ip...added on Jun 17th 2023 4:08 AM
spam,https://bafybeienofr3qo2auv6kwgun7y3vjbwyymftbd32fpr6wtuna64jmriybe.ip...added on Jun 17th 2023 4:08 AM
spam,https://nftstorage.link/ipfs/QmZVWX1dt8FhJBNqWDyYRS2fsuyP1ouwSW7E1GNaM...added on Jun 17th 2023 4:07 AM
spam,https://ipfs.io/ipfs/bafybeienofr3qo2auv6kwgun7y3vjbwyymftbd32fpr6wtun...added on Jun 17th 2023 4:07 AM
spam,https://gateway.ipfs.io/ipfs/bafybeienofr3qo2auv6kwgun7y3vjbwyymftbd32...added on Jun 17th 2023 4:07 AM
spam,https://cf-ipfs.com/ipfs/QmZVWX1dt8FhJBNqWDyYRS2fsuyP1ouwSW7E1GNaMWjMS...added on Jun 17th 2023 4:07 AM
spam,https://ipfs.io/ipfs/QmZVWX1dt8FhJBNqWDyYRS2fsuyP1ouwSW7E1GNaMWjMSW/al...added on Jun 17th 2023 4:07 AM
spam,https://ipfs.eth.aragon.network/ipfs/bafybeiffwwcyirxa2hmzq3mxsihjxltl...added on Jun 17th 2023 4:07 AM
spam,https://bafybeiffwwcyirxa2hmzq3mxsihjxltlaabxmpo2tjkoboaykemvh63qg4.ip...added on Jun 17th 2023 4:07 AM
spam,https://bafybeiffwwcyirxa2hmzq3mxsihjxltlaabxmpo2tjkoboaykemvh63qg4.ip...added on Jun 17th 2023 4:06 AM
spam,https://cloudflare-ipfs.com/ipfs/bafybeiffwwcyirxa2hmzq3mxsihjxltlaabx...added on Jun 17th 2023 4:06 AM
spam,https://bafybeiffwwcyirxa2hmzq3mxsihjxltlaabxmpo2tjkoboaykemvh63qg4.ip...added on Jun 17th 2023 4:06 AM
spam,https://bafybeiffwwcyirxa2hmzq3mxsihjxltlaabxmpo2tjkoboaykemvh63qg4.ip...added on Jun 17th 2023 4:06 AM
spam,https://gateway.ipfs.io/ipfs/bafybeiffwwcyirxa2hmzq3mxsihjxltlaabxmpo2...added on Jun 17th 2023 4:06 AM
spam,https://ipfs.io/ipfs/bafybeiffwwcyirxa2hmzq3mxsihjxltlaabxmpo2tjkoboay...added on Jun 17th 2023 4:05 AM
spam,https://ipfs.eth.aragon.network/ipfs/bafybeifemtie5wldcbfykiwvdboebygf...added on Jun 17th 2023 4:05 AM
spam,https://cloudflare-ipfs.com/ipfs/bafybeifemtie5wldcbfykiwvdboebygfv7qr...added on Jun 17th 2023 4:05 AM
spam,https://bafybeifemtie5wldcbfykiwvdboebygfv7qr7hdu7s3md35m3u777lgafi.ip...added on Jun 17th 2023 4:05 AM
spam,https://gateway.ipfs.io/ipfs/bafybeifemtie5wldcbfykiwvdboebygfv7qr7hdu...added on Jun 17th 2023 4:05 AM
spam,https://ipfs.io/ipfs/bafybeifemtie5wldcbfykiwvdboebygfv7qr7hdu7s3md35m...added on Jun 17th 2023 4:04 AM
spam,https://bafybeifemtie5wldcbfykiwvdboebygfv7qr7hdu7s3md35m3u777lgafi.ip...added on Jun 17th 2023 4:04 AM
spam,https://bafybeifemtie5wldcbfykiwvdboebygfv7qr7hdu7s3md35m3u777lgafi.ip...added on Jun 17th 2023 4:04 AM
spam,https://cf-ipfs.com/ipfs/QmZQNjR7Ca8E5oBpKaYKw4okUaSdeK9TmFsecgPFSC4wd...added on Jun 17th 2023 4:04 AM
spam,https://bafybeifemtie5wldcbfykiwvdboebygfv7qr7hdu7s3md35m3u777lgafi.ip...added on Jun 17th 2023 4:04 AM
spam,https://nftstorage.link/ipfs/QmZQNjR7Ca8E5oBpKaYKw4okUaSdeK9TmFsecgPFS...added on Jun 17th 2023 4:04 AM
spam,https://infura-ipfs.io/ipfs/QmZQNjR7Ca8E5oBpKaYKw4okUaSdeK9TmFsecgPFSC...added on Jun 17th 2023 4:04 AM
spam,https://nftstorage.link/ipfs/QmRqtewvvJBtApPvMHmCQJ935kt7b4WPmed5sa7jw...added on Jun 17th 2023 4:04 AM
spam,https://ipfs.io/ipfs/QmZQNjR7Ca8E5oBpKaYKw4okUaSdeK9TmFsecgPFSC4wdb...added on Jun 17th 2023 4:03 AM
spam,https://dbs-bank65.ink/index.phpadded on Jun 17th 2023 4:03 AM
spam,https://infura-ipfs.io/ipfs/QmRqtewvvJBtApPvMHmCQJ935kt7b4WPmed5sa7jwx...added on Jun 17th 2023 4:03 AM
spam,https://ipfs.io/ipfs/QmRqtewvvJBtApPvMHmCQJ935kt7b4WPmed5sa7jwx8FED...added on Jun 17th 2023 4:03 AM
spam,https://bafybeibuccwctt6vqxkbridt43dtfnop4otfysjs6eaq5cohmhrhdqxkxy.ip...added on Jun 17th 2023 4:03 AM
spam,https://bafybeibuccwctt6vqxkbridt43dtfnop4otfysjs6eaq5cohmhrhdqxkxy.ip...added on Jun 17th 2023 4:03 AM
spam,https://ipfs.eth.aragon.network/ipfs/bafybeibuccwctt6vqxkbridt43dtfnop...added on Jun 17th 2023 4:03 AM
spam,https://bafybeibuccwctt6vqxkbridt43dtfnop4otfysjs6eaq5cohmhrhdqxkxy.ip...added on Jun 17th 2023 4:02 AM
spam,https://ipfs.io/ipfs/bafybeibuccwctt6vqxkbridt43dtfnop4otfysjs6eaq5coh...added on Jun 17th 2023 4:02 AM
spam,https://gateway.ipfs.io/ipfs/bafybeibuccwctt6vqxkbridt43dtfnop4otfysjs...added on Jun 17th 2023 4:02 AM
spam,https://bafkreiayu3lmyxvyuzlmv3is2vcujgfyyrbukj2hsz7ulpbfa42cxt3h3y.ip...added on Jun 17th 2023 4:02 AM
spam,https://ipfs.eth.aragon.network/ipfs/bafkreiayu3lmyxvyuzlmv3is2vcujgfy...added on Jun 17th 2023 4:02 AM
spam,https://bafkreiayu3lmyxvyuzlmv3is2vcujgfyyrbukj2hsz7ulpbfa42cxt3h3y.ip...added on Jun 17th 2023 4:02 AM
spam,https://bafkreiayu3lmyxvyuzlmv3is2vcujgfyyrbukj2hsz7ulpbfa42cxt3h3y.ip...added on Jun 17th 2023 4:01 AM
spam,https://gateway.ipfs.io/ipfs/bafkreiayu3lmyxvyuzlmv3is2vcujgfyyrbukj2h...added on Jun 17th 2023 4:01 AM
spam,https://cloudflare-ipfs.com/ipfs/bafkreiayu3lmyxvyuzlmv3is2vcujgfyyrbu...added on Jun 17th 2023 4:01 AM
spam,https://bafkreiayu3lmyxvyuzlmv3is2vcujgfyyrbukj2hsz7ulpbfa42cxt3h3y.ip...added on Jun 17th 2023 4:01 AM
spam,https://ipfs.io/ipfs/bafkreiayu3lmyxvyuzlmv3is2vcujgfyyrbukj2hsz7ulpbf...added on Jun 17th 2023 4:01 AM
spam,https://ipfs.eth.aragon.network/ipfs/bafybeiemfgbrjyhtuzwqajt7dufarqeh...added on Jun 17th 2023 4:01 AM
spam,https://ipfs.io/ipfs/QmXmnVzYTDnvNjjQmSoZtetavq5H9NNnxx1f55mPc97D8w...added on Jun 17th 2023 4:00 AM
spam,https://confirma.myftp.biz/BBVA15/06added on Jun 17th 2023 4:00 AM
spam,https://confirma.myftp.biz/BBVA15/added on Jun 17th 2023 4:00 AM
spam,https://confirma.myftp.biz/BBVA15added on Jun 17th 2023 4:00 AM
spam,https://casinox-005.buzz/added on Jun 17th 2023 4:00 AM
spam,http://casinox-site5.buzz/added on Jun 17th 2023 4:00 AM
spam,https://accout.smba.jp.jeannedeneval.com/Smbc-frontend-dist/js/709.f0e...added on Jun 17th 2023 4:00 AM
spam,http://marklane.co.za/credit_memo/[emailÂ protected]added on Jun 17th 2023 4:00 AM
spam,https://auth.com-web.net/en/?code=7a982ceb187505b20a3f14ad6519db57...added on Jun 17th 2023 4:00 AM
spam,https://mhikgfymhkh.dynamic-dns.net/added on Jun 17th 2023 4:00 AM
spam,http://raiffeisenonline.ro/added on Jun 17th 2023 4:00 AM
spam,https://live-login.com-encrypted.net/en/?code=3f0573077e467d8b4d08b18a...added on Jun 17th 2023 4:00 AM
spam,https://hbndffhpjh.top/_ap/signin.php?_encoding=UTF8&openid.assoc_hand...added on Jun 17th 2023 4:00 AM
spam,https://fdster.dns04.com/added on Jun 17th 2023 4:00 AM
spam,http://pinotclassic.com/zm/z/imbra/zmadded on Jun 17th 2023 3:59 AM
spam,https://yaho-world-noisy-frog-fcfc.kamluyamli.workers.dev/...added on Jun 17th 2023 3:59 AM
spam,https://riverhome.ae/Adobe/index.html?count=1&email=...added on Jun 17th 2023 3:58 AM
spam,http://turquoise-spiky-earthworm.glitch.me/added on Jun 17th 2023 3:58 AM
spam,https://pjvibes.github.io/ownerresolve.github.io/wallet/...added on Jun 17th 2023 3:58 AM
spam,https://uspstrackorder.com/verification/added on Jun 17th 2023 3:58 AM
spam,https://voice-mail07062023vmbox-1312962597.cos.ap-seoul.myqcloud.com/v...added on Jun 17th 2023 3:58 AM
spam,https://docusign-3sh.pages.dev/added on Jun 17th 2023 3:57 AM
spam,https://doc-0293-1-1318470232.cos.ap-nanjing.myqcloud.com/index.html...added on Jun 17th 2023 3:57 AM
spam,https://bafybeibholaubelif2oqi7yevm6i32jgqu54gdhqzzlj2ruhoaerb6upgq.on...added on Jun 17th 2023 3:57 AM
spam,https://mlizrsey.gq/test/Sharepoint-Document-Cloud/index.html...added on Jun 17th 2023 3:57 AM
spam,http://www.calaundrettes.com.au/fetch/inc/en-us/...added on Jun 17th 2023 3:57 AM
spam,https://mgcorp.inadded on Jun 17th 2023 3:56 AM
spam,https://e-posti.web.app/Confirm_Delivery/added on Jun 17th 2023 3:56 AM
spam,https://luneaubecklaws-1318439371.cos.sa-saopaulo.myqcloud.com/luneaub...added on Jun 17th 2023 3:56 AM
spam,https://letterlaw-1318439371.cos.sa-saopaulo.myqcloud.com/letterlaw.ht...added on Jun 17th 2023 3:56 AM
spam,https://lawandtaxresearch-1318439371.cos.na-ashburn.myqcloud.com/lawan...added on Jun 17th 2023 3:56 AM
spam,https://jbblaw-1318439371.cos.ap-mumbai.myqcloud.com/jbblaw.html...added on Jun 17th 2023 3:56 AM
spam,https://pacjsooamclmmm.top/added on Jun 17th 2023 3:55 AM
spam,https://pub-c5b1c0de5d074219ad6d2af09756bd99.r2.dev/ed2d3858-261c-402d...added on Jun 17th 2023 3:55 AM
spam,https://chlorinated-honorable-hall.glitch.me/public/NavyfederalConfirm...added on Jun 17th 2023 3:55 AM
spam,http://berry-radical-politician.glitch.me/public/nav.html...added on Jun 17th 2023 3:55 AM
spam,https://mail.dentedofficexyz.duckdns.org/added on Jun 17th 2023 3:55 AM
spam,http://www.dentedofficexyz.duckdns.org/added on Jun 17th 2023 3:54 AM
spam,https://pub-11ae859a7ad2482ebb35cc24d442d103.r2.dev/Office.htm...added on Jun 17th 2023 3:54 AM
spam,https://pub-0e377ab24fd344118368ae252716a899.r2.dev/index.html...added on Jun 17th 2023 3:54 AM
spam,https://th.hepingshijie.com/wp-content/uploads/2020/10/aau/auspost/del...added on Jun 17th 2023 3:54 AM
spam,https://blog.chinolc.org/mtos/A1$$/newcodingLinkedin/...added on Jun 17th 2023 3:54 AM
spam,https://bdimakassar.kemenperin.go.id/admin/web/...added on Jun 17th 2023 3:53 AM
spam,https://s.amaezunzz-jp.icu/added on Jun 17th 2023 3:53 AM
spam,https://rakuten-update.tech/Rakuten/added on Jun 17th 2023 3:53 AM
spam,https://darkness-each.mrbonus.com/added on Jun 17th 2023 3:53 AM
spam,https://azcesm.mvsibt.mvistosz.com/added on Jun 17th 2023 3:53 AM
spam,https://amzon.co.jp.qind-pc.com/added on Jun 17th 2023 3:53 AM
spam,https://amzon.co.jp.lfjiuzhong.com/added on Jun 17th 2023 3:52 AM
spam,https://amzon.co.jp.caseezy.com/added on Jun 17th 2023 3:52 AM
spam,https://amazjp.co/added on Jun 17th 2023 3:52 AM
spam,https://ahead-beyond.otzo.com/added on Jun 17th 2023 3:52 AM
spam,https://www.filesusr.com/html/ccff47_40feda383136ce5284d15f4d4874490b....added on Jun 17th 2023 3:51 AM
spam,https://l25425635478598552664.filesusr.com/html/73f4fd_5931a9ca3168c05...added on Jun 17th 2023 3:51 AM
spam,https://258741254125632598745.filesusr.com/html/73f4fd_5931a9ca3168c05...added on Jun 17th 2023 3:51 AM
spam,http://www.selec.net.pe/wp-content/dir/DKB.DE/DKB.DE/de/b3bd7820030b13...added on Jun 17th 2023 3:51 AM
spam,https://www.paket-dhlexpress.com/added on Jun 17th 2023 3:50 AM
spam,https://dhl-livraison.net/added on Jun 17th 2023 3:50 AM
spam,https://app-dappsagregator.netlify.app/wallet.html...added on Jun 17th 2023 3:50 AM
spam,https://virginmedia-info.com/profile.phpadded on Jun 17th 2023 3:50 AM
spam,https://update-flagged-device.com/added on Jun 17th 2023 3:50 AM
spam,https://ukpackage-redelivery.com/added on Jun 17th 2023 3:49 AM
spam,https://myvirgin-mobile-update.com/added on Jun 17th 2023 3:49 AM
spam,https://coinbase-reset-info.com/added on Jun 17th 2023 3:49 AM
spam,http://virginmobile-info.com/added on Jun 17th 2023 3:49 AM
spam,https://rebrand.ly/9c9rm4jadded on Jun 17th 2023 3:49 AM
spam,https://alimentarialondrina.com.br/big-auths/auth.sso.biglobe.ne.jp/ma...added on Jun 17th 2023 3:49 AM
spam,https://alimentarialondrina.com.br/big-auths/auth.sso.biglobe.ne.jp/ma...added on Jun 17th 2023 3:49 AM
spam,https://mail.rakstex.usadded on Jun 17th 2023 3:48 AM
spam,https://authy.xaxetij431.workers.dev/added on Jun 17th 2023 3:48 AM
spam,https://p.1.87-120-88-35.cprapid.com/added on Jun 17th 2023 3:48 AM
spam,https://info.app.87-121-221-52.cprapid.com/app1/...added on Jun 17th 2023 3:48 AM
spam,https://dati.sicuri.87-120-254-31.cprapid.com/...added on Jun 17th 2023 3:47 AM
spam,https://achievememberupgrade.wixsite.com/my-site...added on Jun 17th 2023 3:47 AM
spam,https://pub-c1ab274d52f34fe2ab8c54d756d047e0.r2.dev/link.html...added on Jun 17th 2023 3:47 AM
spam,https://pub-1ed1a9d067fe4500b30a8730d0c3d347.r2.dev/kslodk.html...added on Jun 17th 2023 3:47 AM
spam,https://offiecceex-cred-3665-com.us-east-1.linodeobjects.com/link.html...added on Jun 17th 2023 3:46 AM
spam,https://kkld.z1.web.core.windows.net/added on Jun 17th 2023 3:46 AM
spam,https://chirobenoitlambert.ca/home/chirolambert/domains/chirolambert.m...added on Jun 17th 2023 3:46 AM
spam,https://antai-gouv.2-58-56-64.plesk.page/app/added on Jun 17th 2023 3:46 AM
spam,https://accessleagues.us-east-1.linodeobjects.com/link.html...added on Jun 17th 2023 3:45 AM
spam,http://user1.87-121-221-52.cprapid.com/Is/added on Jun 17th 2023 3:45 AM
spam,https://24sshop.cc/added on Jun 17th 2023 3:45 AM
spam,http://econditured.com/u/d/GYdDfQq_msyiyEgYcInJ5WCEeAhKm7YfUZzP8X23BuI...added on Jun 17th 2023 3:40 AM
spam,https://creditovirtualdepersonas--com5400.repl.co/...added on Jun 17th 2023 3:39 AM
spam,https://5877a172-8905-494e-8430-43c74cfaf425.id.repl.co/...added on Jun 17th 2023 3:38 AM
spam,https://help-protect-use.com/added on Jun 17th 2023 3:33 AM
spam,https://www.help-protect-use.com/added on Jun 17th 2023 3:33 AM
spam,http://replatform.vegasadded on Jun 17th 2023 3:32 AM
spam,http://tltd.pagetraining.co.in/1tb1cadded on Jun 17th 2023 3:31 AM
spam,https://improved-protec-users1271299.click/added on Jun 17th 2023 3:31 AM
spam,https://www.improved-protec-users1271299.click/...added on Jun 17th 2023 3:30 AM
spam,https://www.update-cyberspace23463460.click/added on Jun 17th 2023 3:28 AM
spam,https://update-cyberspace23463460.click/added on Jun 17th 2023 3:28 AM
spam,https://accout.smba.jp.1stcf.com/memx/indexadded on Jun 17th 2023 3:18 AM
spam,https://accout.smba.jp.gny7.com/memx/indexadded on Jun 17th 2023 3:18 AM
spam,https://accout.smba.jp.8rve.com/memx/indexadded on Jun 17th 2023 3:18 AM
spam,https://accout.smba.jp.s3cr.com/mem/added on Jun 17th 2023 3:17 AM
spam,http://yxybzapnmm.duckdns.orgadded on Jun 17th 2023 3:01 AM
spam,http://ywyavvttzf.duckdns.orgadded on Jun 17th 2023 3:00 AM
spam,https://moonrey.netadded on Jun 17th 2023 2:54 AM
spam,https://dbsbanksg.best/added on Jun 17th 2023 2:52 AM
spam,https://dbsbank-gs.top/added on Jun 17th 2023 2:23 AM
spam,https://lpatrice.com/added on Jun 17th 2023 2:10 AM
spam,https://extraascashfacilyrapidointerbiank.info/...added on Jun 17th 2023 2:05 AM
spam,https://23.225.154.42/added on Jun 17th 2023 2:04 AM
spam,https://lunardigital.net/.well-known/added on Jun 17th 2023 2:04 AM
spam,https://dbsbank-gs.lol/added on Jun 17th 2023 2:03 AM
spam,https://cosmoexim.com/kanm0/m0.html#20added on Jun 17th 2023 2:03 AM
spam,https://magnanimousbeardoil.com/magnanimousblogs/survey-results-from-t...added on Jun 17th 2023 2:00 AM
spam,https://macquarie.com.au/added on Jun 17th 2023 2:00 AM
spam,https://www.tattumreading.com/our-founder.html...added on Jun 17th 2023 2:00 AM
spam,http://tvfans.top/added on Jun 17th 2023 2:00 AM
spam,http://course-archive.com/added on Jun 17th 2023 2:00 AM
spam,https://www.revokecash.io/added on Jun 17th 2023 1:54 AM
spam,http://www.revokecash.ioadded on Jun 17th 2023 1:54 AM
spam,https://revokecash.io/added on Jun 17th 2023 1:48 AM
spam,http://revokecash.ioadded on Jun 17th 2023 1:48 AM
spam,https://aavedocs.online/added on Jun 17th 2023 1:40 AM
spam,http://aavedocs.onlineadded on Jun 17th 2023 1:40 AM
spam,https://aave-v4.com/added on Jun 17th 2023 1:25 AM
spam,http://aave-v4.comadded on Jun 17th 2023 1:25 AM
spam,https://pancakesswep.info/added on Jun 17th 2023 1:17 AM
spam,http://pancakesswep.infoadded on Jun 17th 2023 1:17 AM
spam,https://metcmask.app/added on Jun 17th 2023 1:13 AM
spam,http://metcmask.appadded on Jun 17th 2023 1:13 AM
spam,https://smbc-card.jp.teenflavour.comadded on Jun 17th 2023 1:07 AM
spam,https://smbc-card.jp.joshcarreon.comadded on Jun 17th 2023 1:07 AM
spam,http://www.sistemamultas.com.br/added on Jun 17th 2023 1:02 AM
spam,https://mirrorbay.top/added on Jun 17th 2023 1:02 AM
spam,http://mirrorbay.top/added on Jun 17th 2023 1:02 AM
spam,https://toolngon.net/added on Jun 17th 2023 1:02 AM
spam,http://toolngon.net/added on Jun 17th 2023 1:02 AM
spam,https://www.superaprendiz.com.br/added on Jun 17th 2023 1:02 AM
spam,https://stromectolus.store/added on Jun 17th 2023 1:02 AM
spam,https://www.dsxt.narod.ru/added on Jun 17th 2023 1:02 AM
spam,https://ct-access.pro/en/added on Jun 17th 2023 1:02 AM
spam,https://ct-access.pro/added on Jun 17th 2023 1:02 AM
spam,https://www.iroquoispointpreschool.com/contact-us.html...added on Jun 17th 2023 1:01 AM
spam,http://iroquoispointpreschool.com/contact-us.html...added on Jun 17th 2023 1:01 AM
spam,https://www.tuttomotoriweb.it/added on Jun 17th 2023 1:01 AM
spam,http://tuttomotoriweb.com/added on Jun 17th 2023 1:01 AM
spam,https://superaprendiz.com.br/added on Jun 17th 2023 1:01 AM
spam,http://tr.flixable.com/added on Jun 17th 2023 1:01 AM
